,sr.no,name,matches,runs,catches,wickets,stumpings,catche_avg
1,2,Rohan Kanhay,144,1256,76,178,0,0.5277777777777778
3,4,Bahubali,10,756,6,11,3,0.6
6,7,Dinesh Roy,211,8537,112,16,0,0.5308056872037915
9,10,Litesh Singh,89,1099,46,49,0,0.5168539325842697
